"FSC.change","SSC.change","Width.change","cluster_vector"
2.65403861834419,10.8923967058814,3.86287185632695,1.73975712407172
